"ID";"ObjectNameOnDoc";"global_id";"ObjectName";"Link";"geodata_center";"geoarea";
"7537";"Охранная (объединенная охранная) зона № 246";"19657446";"";"[]";"{""coordinates"":[37.6829129971731,55.744971702052],""type"":""Point""}";"";
"7538";"Охранная (объединенная охранная) зона";"19657447";"";"[]";"{""coordinates"":[37.691525940131,55.7323933850285],""type"":""Point""}";"";
"7539";"Охранная (объединенная охранная) зона";"19657448";"";"[]";"{""coordinates"":[37.6783533222778,55.732887038279],""type"":""Point""}";"";
"7540";"Охранная (объединенная охранная) зона";"19657449";"";"[]";"{""coordinates"":[37.5631385343507,55.720399849599],""type"":""Point""}";"";
"7541";"Охранная (объединенная охранная) зона";"19657450";"";"[]";"{""coordinates"":[37.4734141045037,55.7668006517935],""type"":""Point""}";"";
"7542";"Охранная (объединенная охранная) зона";"19657451";"";"[]";"{""coordinates"":[37.4572374172255,55.775593524397],""type"":""Point""}";"";
"7543";"Охранная (объединенная охранная) зона";"19657452";"";"[]";"{""coordinates"":[37.4432586356683,55.7812416012335],""type"":""Point""}";"";
"7544";"Охранная (объединенная охранная) зона";"19657453";"";"[]";"{""coordinates"":[37.4040772354454,55.788158291692],""type"":""Point""}";"";
"7545";"Охранная (объединенная охранная) зона";"19657454";"";"[]";"{""coordinates"":[37.4912964774337,55.7981168485665],""type"":""Point""}";"";
"7546";"Охранная (объединенная охранная) зона";"19657455";"";"[]";"{""coordinates"":[37.4568680930518,55.8015795764365],""type"":""Point""}";"";
"7547";"Охранная (объединенная охранная) зона";"19657456";"";"[]";"{""coordinates"":[37.47536269314,55.822548086652],""type"":""Point""}";"";
"7548";"Охранная (объединенная охранная) зона";"19657457";"";"[]";"{""coordinates"":[37.5917657090095,55.7324217560355],""type"":""Point""}";"";
"7549";"Охранная (объединенная охранная) зона";"19657458";"";"[]";"{""coordinates"":[37.5914841532563,55.7356741476185],""type"":""Point""}";"";
"7550";"Охранная (объединенная охранная) зона";"19657459";"";"[]";"{""coordinates"":[37.5883943805828,55.736648162644],""type"":""Point""}";"";
"7551";"Охранная (объединенная охранная) зона";"19657460";"";"[]";"{""coordinates"":[37.5861393092035,55.7374534521305],""type"":""Point""}";"";
"7552";"Охранная (объединенная охранная) зона";"19657461";"";"[]";"{""coordinates"":[37.5811676228515,55.740272776714],""type"":""Point""}";"";
"7597";"Охранная (объединенная охранная) зона";"19657462";"";"[]";"{""coordinates"":[37.6344646252383,55.7825585974195],""type"":""Point""}";"";
"7598";"Охранная (объединенная охранная) зона";"19657463";"";"[]";"{""coordinates"":[37.6371227347179,55.782450428248],""type"":""Point""}";"";
"7599";"Охранная (объединенная охранная) зона";"19657464";"";"[]";"{""coordinates"":[37.6402269076313,55.7804020428125],""type"":""Point""}";"";
"7600";"Охранная (объединенная охранная) зона";"19657465";"";"[]";"{""coordinates"":[37.599907365405,55.788049972491],""type"":""Point""}";"";
"7601";"Охранная (объединенная охранная) зона";"19657466";"";"[]";"{""coordinates"":[37.6076863349165,55.789297833758],""type"":""Point""}";"";
"7602";"Охранная (объединенная охранная) зона";"19657467";"";"[]";"{""coordinates"":[37.6644584376473,55.745087407777],""type"":""Point""}";"";
"7603";"Охранная (объединенная охранная) зона";"19657468";"";"[]";"{""coordinates"":[37.6612651732408,55.7411244806235],""type"":""Point""}";"";
"7604";"Охранная (объединенная охранная) зона";"19657469";"";"[]";"{""coordinates"":[37.6553050266824,55.739694496524],""type"":""Point""}";"";
"10894";"Охранная (объединенная охранная) зона";"19657470";"";"[]";"{""coordinates"":[37.6725405707238,55.748384030103],""type"":""Point""}";"";
"7606";"Охранная (объединенная охранная) зона";"19657471";"";"[]";"{""coordinates"":[37.6737189153909,55.7457189577885],""type"":""Point""}";"";
"7607";"Охранная (объединенная охранная) зона";"19657472";"";"[]";"{""coordinates"":[37.6000622136212,55.768846222561],""type"":""Point""}";"";
"7608";"Охранная (объединенная охранная) зона";"19657473";"";"[]";"{""coordinates"":[37.6147231106229,55.767247368725],""type"":""Point""}";"";
"7609";"Охранная (объединенная охранная) зона";"19657474";"";"[]";"{""coordinates"":[37.6114877252794,55.7712456288215],""type"":""Point""}";"";
"7610";"Охранная (объединенная охранная) зона";"19657475";"";"[]";"{""coordinates"":[37.6172725951343,55.7726367028345],""type"":""Point""}";"";
"7611";"Охранная (объединенная охранная) зона";"19657476";"";"[]";"{""coordinates"":[37.622114596021,55.763155965939],""type"":""Point""}";"";
"7612";"Охранная (объединенная охранная) зона";"19657477";"";"[]";"{""coordinates"":[37.6467042145524,55.764088679141],""type"":""Point""}";"";
"7613";"Охранная (объединенная охранная) зона";"19657478";"";"[]";"{""coordinates"":[37.6499130078367,55.766385004786],""type"":""Point""}";"";
"7614";"Охранная (объединенная охранная) зона";"19657479";"";"[]";"{""coordinates"":[37.6481524430765,55.7636229897165],""type"":""Point""}";"";
"7615";"Охранная (объединенная охранная) зона";"19657480";"";"[]";"{""coordinates"":[37.6498953064964,55.7601224567205],""type"":""Point""}";"";
"7616";"Охранная (объединенная охранная) зона";"19657481";"";"[]";"{""coordinates"":[37.6555125168885,55.763227023523],""type"":""Point""}";"";
"7553";"Охранная (объединенная охранная) зона";"19657482";"";"[]";"{""coordinates"":[37.582844792118,55.742548758333],""type"":""Point""}";"";
"7554";"Охранная (объединенная охранная) зона";"19657483";"";"[]";"{""coordinates"":[37.5793845345517,55.7422567577125],""type"":""Point""}";"";
"7555";"Охранная (объединенная охранная) зона";"19657484";"";"[]";"{""coordinates"":[37.5845949857478,55.7252472916205],""type"":""Point""}";"";
"7556";"Охранная (объединенная охранная) зона";"19657485";"";"[]";"{""coordinates"":[37.5867247332663,55.7287060637915],""type"":""Point""}";"";
"7557";"Охранная (объединенная охранная) зона";"19657486";"";"[]";"{""coordinates"":[37.5828277090644,55.7289786414365],""type"":""Point""}";"";
"7558";"Охранная (объединенная охранная) зона";"19657487";"";"[]";"{""coordinates"":[37.586470032824,55.735457554805],""type"":""Point""}";"";
"9505";"Охранная (объединенная охранная) зона";"19657488";"";"[]";"{""coordinates"":[37.5846184449955,55.7337552663455],""type"":""Point""}";"";
"9506";"Охранная (объединенная охранная) зона";"19657489";"";"[]";"{""coordinates"":[37.5646000118785,55.730280655356],""type"":""Point""}";"";
"7559";"Охранная (объединенная охранная) зона";"19657490";"";"[]";"{""coordinates"":[37.5784515275783,55.7407654398875],""type"":""Point""}";"";
"7561";"Охранная (объединенная охранная) зона";"19657491";"";"[]";"{""coordinates"":[37.5729710059058,55.7408559924785],""type"":""Point""}";"";
"7562";"Охранная (объединенная охранная) зона";"19657492";"";"[]";"{""coordinates"":[37.567268448656,55.7431622220515],""type"":""Point""}";"";
"7563";"Охранная (объединенная охранная) зона";"19657493";"";"[]";"{""coordinates"":[37.5809608510653,55.7491277042275],""type"":""Point""}";"";
"7564";"Охранная (объединенная охранная) зона";"19657494";"";"[]";"{""coordinates"":[37.5817704100743,55.7517333973295],""type"":""Point""}";"";
"7565";"Охранная (объединенная охранная) зона";"19657495";"";"[]";"{""coordinates"":[37.5794178893427,55.754246875996],""type"":""Point""}";"";
"7566";"Охранная (объединенная охранная) зона";"19657496";"";"[]";"{""coordinates"":[37.5833846999793,55.759133254387],""type"":""Point""}";"";
"7568";"Охранная (объединенная охранная) зона";"19657497";"";"[]";"{""coordinates"":[37.571884656048,55.757691092998],""type"":""Point""}";"";
"7569";"Охранная (объединенная охранная) зона";"19657498";"";"[]";"{""coordinates"":[37.5622690302868,55.7565874240945],""type"":""Point""}";"";
"7570";"Охранная (объединенная охранная) зона";"19657499";"";"[]";"{""coordinates"":[37.5789966958789,55.760367837127],""type"":""Point""}";"";
"7571";"Охранная (объединенная охранная) зона";"19657500";"";"[]";"{""coordinates"":[37.5804037761806,55.762166276402],""type"":""Point""}";"";
"7572";"Охранная (объединенная охранная) зона";"19657501";"";"[]";"{""coordinates"":[37.5771187279309,55.7661990155595],""type"":""Point""}";"";
"7573";"Охранная (объединенная охранная) зона";"19657502";"";"[]";"{""coordinates"":[37.5771187279309,55.7661990155595],""type"":""Point""}";"";
"9507";"Охранная (объединенная охранная) зона";"19657503";"";"[]";"{""coordinates"":[37.5711082596442,55.7641268678525],""type"":""Point""}";"";
"9508";"Охранная (объединенная охранная) зона";"19657504";"";"[]";"{""coordinates"":[37.5701126691201,55.767465074189],""type"":""Point""}";"";
"7574";"Охранная (объединенная охранная) зона";"19657505";"";"[]";"{""coordinates"":[37.5521058767402,55.753620182642],""type"":""Point""}";"";
"7575";"Охранная (объединенная охранная) зона";"19657506";"";"[]";"{""coordinates"":[37.5488130715501,55.768250154233],""type"":""Point""}";"";
"7576";"Охранная (объединенная охранная) зона";"19657507";"";"[]";"{""coordinates"":[37.5977067053328,55.773826514169],""type"":""Point""}";"";
"7577";"Охранная (объединенная охранная) зона";"19657508";"";"[]";"{""coordinates"":[37.6025529052332,55.7762393803545],""type"":""Point""}";"";
"7578";"Охранная (объединенная охранная) зона";"19657509";"";"[]";"{""coordinates"":[37.6072095808289,55.7739858295135],""type"":""Point""}";"";
"7579";"Охранная (объединенная охранная) зона";"19657510";"";"[]";"{""coordinates"":[37.6109659587536,55.775271760807],""type"":""Point""}";"";
"7580";"Охранная (объединенная охранная) зона";"19657511";"";"[]";"{""coordinates"":[37.6153423683676,55.774769154907],""type"":""Point""}";"";
"7581";"Охранная (объединенная охранная) зона";"19657512";"";"[]";"{""coordinates"":[37.6184619348611,55.7803602411015],""type"":""Point""}";"";
"7582";"Охранная (объединенная охранная) зона";"19657513";"";"[]";"{""coordinates"":[37.6259788180695,55.7767841428865],""type"":""Point""}";"";
"7583";"Охранная (объединенная охранная) зона";"19657514";"";"[]";"{""coordinates"":[37.6301094118946,55.7767098057585],""type"":""Point""}";"";
"7584";"Охранная (объединенная охранная) зона";"19657515";"";"[]";"{""coordinates"":[37.6344920670463,55.774508906551],""type"":""Point""}";"";
"7585";"Охранная (объединенная охранная) зона";"19657516";"";"[]";"{""coordinates"":[37.5897243096413,55.7750332256],""type"":""Point""}";"";
"7586";"Охранная (объединенная охранная) зона";"19657517";"";"[]";"{""coordinates"":[37.5822977875869,55.7778093908385],""type"":""Point""}";"";
"7587";"Охранная (объединенная охранная) зона";"19657518";"";"[]";"{""coordinates"":[37.5951949077384,55.7780580224485],""type"":""Point""}";"";
"7588";"Охранная (объединенная охранная) зона";"19657519";"";"[]";"{""coordinates"":[37.6047855152538,55.778572352123],""type"":""Point""}";"";
"7589";"Охранная (объединенная охранная) зона";"19657520";"";"[]";"{""coordinates"":[37.6049645989488,55.780760111934],""type"":""Point""}";"";
"7590";"Охранная (объединенная охранная) зона";"19657521";"";"[]";"{""coordinates"":[37.602548835318,55.781368083527],""type"":""Point""}";"";
"7591";"Охранная (объединенная охранная) зона";"19657522";"";"[]";"{""coordinates"":[37.6298028280726,55.7785185346645],""type"":""Point""}";"";
"7592";"Охранная (объединенная охранная) зона";"19657523";"";"[]";"{""coordinates"":[37.6350414061494,55.7785653083345],""type"":""Point""}";"";
"7593";"Охранная (объединенная охранная) зона";"19657524";"";"[]";"{""coordinates"":[37.5871434905309,55.7821414266015],""type"":""Point""}";"";
"7594";"Охранная (объединенная охранная) зона";"19657525";"";"[]";"{""coordinates"":[37.5939766859663,55.783620792588],""type"":""Point""}";"";
"7595";"Охранная (объединенная охранная) зона";"19657526";"";"[]";"{""coordinates"":[37.5976186253107,55.78443142703],""type"":""Point""}";"";
"7596";"Охранная (объединенная охранная) зона";"19657527";"";"[]";"{""coordinates"":[37.6314329066044,55.780904843514],""type"":""Point""}";"";
"7662";"Зона охраняемого культурного слоя";"19657528";"";"[]";"{""coordinates"":[37.6427560113937,55.8519985262465],""type"":""Point""}";"";
"7663";"Зона охраняемого культурного слоя";"19657529";"";"[]";"{""coordinates"":[37.6335560063195,55.874970064904],""type"":""Point""}";"";
"7664";"Зона охраняемого культурного слоя";"19657530";"";"[]";"{""coordinates"":[37.7505855684265,55.7927422979695],""type"":""Point""}";"";
"7665";"Зона охраняемого культурного слоя";"19657531";"";"[]";"{""coordinates"":[37.7941222676132,55.6370725400475],""type"":""Point""}";"";
"7666";"Охранная (объединенная охранная) зона";"19657532";"";"[]";"{""coordinates"":[37.6676877340596,55.784613917517],""type"":""Point""}";"";
"7667";"Охранная (объединенная охранная) зона";"19657533";"";"[]";"{""coordinates"":[37.6695909665286,55.7769141658535],""type"":""Point""}";"";
"7668";"Охранная (объединенная охранная) зона";"19657534";"";"[]";"{""coordinates"":[37.6610075571277,55.7904977242695],""type"":""Point""}";"";
"7669";"Охранная (объединенная охранная) зона";"19657535";"";"[]";"{""coordinates"":[37.6673936114891,55.7889488512965],""type"":""Point""}";"";
"7670";"Охранная (объединенная охранная) зона";"19657536";"";"[]";"{""coordinates"":[37.6752517920948,55.790184058322],""type"":""Point""}";"";
"7671";"Охранная (объединенная охранная) зона";"19657537";"";"[]";"{""coordinates"":[37.6886511411542,55.79226868988],""type"":""Point""}";"";
"7672";"Охранная (объединенная охранная) зона";"19657538";"";"[]";"{""coordinates"":[37.6921942554475,55.787492920535],""type"":""Point""}";"";
"7673";"Охранная (объединенная охранная) зона";"19657539";"";"[]";"{""coordinates"":[37.6952182474304,55.7829627082965],""type"":""Point""}";"";
"7674";"Охранная (объединенная охранная) зона";"19657540";"";"[]";"{""coordinates"":[37.6916285841974,55.796622165099],""type"":""Point""}";"";
"7675";"Охранная (объединенная охранная) зона";"19657541";"";"[]";"{""coordinates"":[37.6955365615377,55.7957402697805],""type"":""Point""}";"";
"7676";"Охранная (объединенная охранная) зона";"19657542";"";"[]";"{""coordinates"":[37.7001438412405,55.792861541566],""type"":""Point""}";"";
"7677";"Охранная (объединенная охранная) зона";"19657543";"";"[]";"{""coordinates"":[37.7056138453886,55.787091409896],""type"":""Point""}";"";
"7678";"Охранная (объединенная охранная) зона";"19657544";"";"[]";"{""coordinates"":[37.7111091008585,55.7851865619315],""type"":""Point""}";"";
"7741";"Охранная (объединенная охранная) зона";"19657545";"";"[]";"{""coordinates"":[37.6426870946604,55.762538563845],""type"":""Point""}";"";
"7742";"Охранная (объединенная охранная) зона";"19657546";"";"[]";"{""coordinates"":[37.6427026948298,55.766829047503],""type"":""Point""}";"";
"7743";"Охранная (объединенная охранная) зона";"19657547";"";"[]";"{""coordinates"":[37.6556109600481,55.7604667016555],""type"":""Point""}";"";
"7744";"Охранная (объединенная охранная) зона";"19657548";"";"[]";"{""coordinates"":[37.6351352554681,55.7532611435095],""type"":""Point""}";"";
"7745";"Охранная (объединенная охранная) зона";"19657549";"";"[]";"{""coordinates"":[37.6420726647304,55.755203158628],""type"":""Point""}";"";
"7746";"Охранная (объединенная охранная) зона";"19657550";"";"[]";"{""coordinates"":[37.6481106761526,55.755610559552],""type"":""Point""}";"";
"7747";"Охранная (объединенная охранная) зона";"19657551";"";"[]";"{""coordinates"":[37.6533790145503,55.7579937187735],""type"":""Point""}";"";
"7748";"Охранная (объединенная охранная) зона";"19657552";"";"[]";"{""coordinates"":[37.6531353181901,55.75517192067],""type"":""Point""}";"";
"7749";"Охранная (объединенная охранная) зона";"19657553";"";"[]";"{""coordinates"":[37.6434656289316,55.7507122302125],""type"":""Point""}";"";
"7750";"Охранная (объединенная охранная) зона";"19657554";"";"[]";"{""coordinates"":[37.6523687795214,55.752746040215],""type"":""Point""}";"";
"7751";"Охранная (объединенная охранная) зона";"19657555";"";"[]";"{""coordinates"":[37.6469871819125,55.744798122814],""type"":""Point""}";"";
"7752";"Охранная (объединенная охранная) зона";"19657556";"";"[]";"{""coordinates"":[37.6542266902087,55.74807568697],""type"":""Point""}";"";
"7753";"Охранная (объединенная охранная) зона";"19657557";"";"[]";"{""coordinates"":[37.6542409501682,55.7457937729885],""type"":""Point""}";"";
"7754";"Охранная (объединенная охранная) зона";"19657558";"";"[]";"{""coordinates"":[37.6469322326301,55.7414489433005],""type"":""Point""}";"";
"7755";"Охранная (объединенная охранная) зона";"19657559";"";"[]";"{""coordinates"":[37.6474559830081,55.739430591625],""type"":""Point""}";"";
"7756";"Охранная (объединенная охранная) зона";"19657560";"";"[]";"{""coordinates"":[37.6291675713971,55.747615277494],""type"":""Point""}";"";
"7757";"Охранная (объединенная охранная) зона";"19657561";"";"[]";"{""coordinates"":[37.6325878414861,55.7443115709885],""type"":""Point""}";"";
"7758";"Охранная (объединенная охранная) зона";"19657562";"";"[]";"{""coordinates"":[37.6303693617437,55.7400217078875],""type"":""Point""}";"";
"7759";"Охранная (объединенная охранная) зона";"19657563";"";"[]";"{""coordinates"":[37.6336375735033,55.740080716881],""type"":""Point""}";"";
"7760";"Охранная (объединенная охранная) зона";"19657564";"";"[]";"{""coordinates"":[37.6327230015389,55.739158620295],""type"":""Point""}";"";
"7761";"Охранная (объединенная охранная) зона";"19657565";"";"[]";"{""coordinates"":[37.630963108306,55.7382152506785],""type"":""Point""}";"";
"7762";"Охранная (объединенная охранная) зона";"19657566";"";"[]";"{""coordinates"":[37.6327537638144,55.737888550191],""type"":""Point""}";"";
"7763";"Охранная (объединенная охранная) зона";"19657567";"";"[]";"{""coordinates"":[37.6309870457384,55.7341851320545],""type"":""Point""}";"";
"7764";"Охранная (объединенная охранная) зона";"19657568";"";"[]";"{""coordinates"":[37.6368670466632,55.733847957632],""type"":""Point""}";"";
"7765";"Охранная (объединенная охранная) зона";"19657569";"";"[]";"{""coordinates"":[37.6401804618461,55.7343073066475],""type"":""Point""}";"";
"7766";"Охранная (объединенная охранная) зона";"19657570";"";"[]";"{""coordinates"":[37.6310415565197,55.7320969297365],""type"":""Point""}";"";
"7767";"Охранная (объединенная охранная) зона";"19657571";"";"[]";"{""coordinates"":[37.6281751609158,55.735789687352],""type"":""Point""}";"";
"7679";"Охранная (объединенная охранная) зона";"19657572";"";"[]";"{""coordinates"":[37.707491407172,55.794532767028],""type"":""Point""}";"";
"7680";"Охранная (объединенная охранная) зона";"19657573";"";"[]";"{""coordinates"":[37.710690568139,55.7931668645695],""type"":""Point""}";"";
"7681";"Охранная (объединенная охранная) зона";"19657574";"";"[]";"{""coordinates"":[37.711432515748,55.7900500745495],""type"":""Point""}";"";
"7682";"Охранная (объединенная охранная) зона";"19657575";"";"[]";"{""coordinates"":[37.7194868657152,55.791522142795],""type"":""Point""}";"";
"7683";"Охранная (объединенная охранная) зона";"19657576";"";"[]";"{""coordinates"":[37.716196865591,55.7849306966775],""type"":""Point""}";"";
"7684";"Охранная (объединенная охранная) зона";"19657577";"";"[]";"{""coordinates"":[37.6616753007833,55.7682096758165],""type"":""Point""}";"";
"7685";"Охранная (объединенная охранная) зона";"19657578";"";"[]";"{""coordinates"":[37.6587203517572,55.759065512316],""type"":""Point""}";"";
"7686";"Охранная (объединенная охранная) зона";"19657579";"";"[]";"{""coordinates"":[37.6584609792641,55.7562705707685],""type"":""Point""}";"";
"7687";"Охранная (объединенная охранная) зона";"19657580";"";"[]";"{""coordinates"":[37.6711408584103,55.7706190319405],""type"":""Point""}";"";
"7688";"Охранная (объединенная охранная) зона";"19657581";"";"[]";"{""coordinates"":[37.6713014466915,55.766591757928],""type"":""Point""}";"";
"7689";"Охранная (объединенная охранная) зона";"19657582";"";"[]";"{""coordinates"":[37.6709017352993,55.7617213083755],""type"":""Point""}";"";
"7690";"Охранная (объединенная охранная) зона";"19657583";"";"[]";"{""coordinates"":[37.6686338922147,55.7546074648825],""type"":""Point""}";"";
"7691";"Охранная (объединенная охранная) зона";"19657584";"";"[]";"{""coordinates"":[37.6775681964849,55.769977213752],""type"":""Point""}";"";
"7692";"Охранная (объединенная охранная) зона";"19657585";"";"[]";"{""coordinates"":[37.6849918431644,55.773239475637],""type"":""Point""}";"";
"7693";"Охранная (объединенная охранная) зона";"19657586";"";"[]";"{""coordinates"":[37.6852780812614,55.7679085007165],""type"":""Point""}";"";
"7694";"Охранная (объединенная охранная) зона";"19657587";"";"[]";"{""coordinates"":[37.6750599137799,55.7546216151235],""type"":""Point""}";"";
"7695";"Охранная (объединенная охранная) зона";"19657588";"";"[]";"{""coordinates"":[37.6939323451833,55.765056279963],""type"":""Point""}";"";
"7696";"Охранная (объединенная охранная) зона";"19657589";"";"[]";"{""coordinates"":[37.7078199418997,55.768816159702],""type"":""Point""}";"";
"7697";"Охранная (объединенная охранная) зона";"19657590";"";"[]";"{""coordinates"":[37.6883834430664,55.7749626703345],""type"":""Point""}";"";
"7698";"Охранная (объединенная охранная) зона";"19657591";"";"[]";"{""coordinates"":[37.6920153348178,55.7791143723825],""type"":""Point""}";"";
"7699";"Охранная (объединенная охранная) зона";"19657592";"";"[]";"{""coordinates"":[37.6590819053701,55.7547754961445],""type"":""Point""}";"";
"7700";"Охранная (объединенная охранная) зона";"19657593";"";"[]";"{""coordinates"":[37.6589037582999,55.7517862327435],""type"":""Point""}";"";
"7701";"Охранная (объединенная охранная) зона";"19657594";"";"[]";"{""coordinates"":[37.6586079770346,55.745960730206],""type"":""Point""}";"";
"7702";"Охранная (объединенная охранная) зона";"19657595";"";"[]";"{""coordinates"":[37.6744228365681,55.7429618452895],""type"":""Point""}";"";
"9512";"Охранная (объединенная охранная) зона";"19657596";"";"[]";"{""coordinates"":[37.6691472799381,55.73799749877],""type"":""Point""}";"";
"9513";"Охранная (объединенная охранная) зона";"19657597";"";"[]";"{""coordinates"":[37.6687173744162,55.7356593418315],""type"":""Point""}";"";
"9514";"Охранная (объединенная охранная) зона";"19657598";"";"[]";"{""coordinates"":[37.655268216792,55.7318681623505],""type"":""Point""}";"";
"9515";"Охранная (объединенная охранная) зона";"19657599";"";"[]";"{""coordinates"":[37.6589619586707,55.728449988903],""type"":""Point""}";"";
"7703";"Охранная (объединенная охранная) зона";"19657600";"";"[]";"{""coordinates"":[37.655604056929,55.712732441605],""type"":""Point""}";"";
"7704";"Охранная (объединенная охранная) зона";"19657601";"";"[]";"{""coordinates"":[37.6490201808197,55.72668227608],""type"":""Point""}";"";
"7705";"Охранная (объединенная охранная) зона";"19657602";"";"[]";"{""coordinates"":[37.6375481039856,55.728374954687],""type"":""Point""}";"";
"7706";"Охранная (объединенная охранная) зона";"19657603";"";"[]";"{""coordinates"":[37.6295858319756,55.728626384065],""type"":""Point""}";"";
"7707";"Охранная (объединенная охранная) зона";"19657604";"";"[]";"{""coordinates"":[37.6238775460246,55.727522782065],""type"":""Point""}";"";
"7708";"Охранная (объединенная охранная) зона";"19657605";"";"[]";"{""coordinates"":[37.6211406661607,55.7289602291165],""type"":""Point""}";"";
"7709";"Охранная (объединенная охранная) зона";"19657606";"";"[]";"{""coordinates"":[37.6177683714237,55.7261601953995],""type"":""Point""}";"";
"7710";"Охранная (объединенная охранная) зона";"19657607";"";"[]";"{""coordinates"":[37.6373771538182,55.7228029005445],""type"":""Point""}";"";
"7711";"Охранная (объединенная охранная) зона";"19657608";"";"[]";"{""coordinates"":[37.6300282255914,55.714378688313],""type"":""Point""}";"";
"7712";"Охранная (объединенная охранная) зона";"19657609";"";"[]";"{""coordinates"":[37.6280149791365,55.7108633389755],""type"":""Point""}";"";
"7713";"Охранная (объединенная охранная) зона";"19657610";"";"[]";"{""coordinates"":[37.6110629590649,55.7259988328585],""type"":""Point""}";"";
"7714";"Охранная (объединенная охранная) зона";"19657611";"";"[]";"{""coordinates"":[37.5964516706293,55.721662971313],""type"":""Point""}";"";
"7715";"Охранная (объединенная охранная) зона";"19657612";"";"[]";"{""coordinates"":[37.6107266787941,55.7237756641905],""type"":""Point""}";"";
"7716";"Охранная (объединенная охранная) зона";"19657613";"";"[]";"{""coordinates"":[37.6092117304389,55.718865664354],""type"":""Point""}";"";
"7717";"Охранная (объединенная охранная) зона";"19657614";"";"[]";"{""coordinates"":[37.6139770002616,55.7121122988605],""type"":""Point""}";"";
"7718";"Охранная (объединенная охранная) зона";"19657615";"";"[]";"{""coordinates"":[37.6100295830191,55.7132446379365],""type"":""Point""}";"";
"7719";"Охранная (объединенная охранная) зона";"19657616";"";"[]";"{""coordinates"":[37.6020721266427,55.715963466619],""type"":""Point""}";"";
"7720";"Охранная (объединенная охранная) зона";"19657617";"";"[]";"{""coordinates"":[37.5957639415433,55.7110287287005],""type"":""Point""}";"";
"7723";"Охранная (объединенная охранная) зона";"19657618";"";"[]";"{""coordinates"":[37.6208506619986,55.749697210847],""type"":""Point""}";"";
"7725";"Охранная (объединенная охранная) зона222";"19657619";"";"[]";"{""coordinates"":[37.591176310682,55.758498089691],""type"":""Point""}";"";
"7726";"Охранная (объединенная охранная) зона";"19657620";"";"[]";"{""coordinates"":[37.6055755637472,55.741674381779],""type"":""Point""}";"";
"7727";"Охранная (объединенная охранная) зона";"19657621";"";"[]";"{""coordinates"":[37.5997300490707,55.7436585065995],""type"":""Point""}";"";
"7728";"Охранная (объединенная охранная) зона";"19657622";"";"[]";"{""coordinates"":[37.5951738009972,55.7386921204895],""type"":""Point""}";"";
"7729";"Охранная (объединенная охранная) зона";"19657623";"";"[]";"{""coordinates"":[37.591874982319,55.7390832949],""type"":""Point""}";"";
"7730";"Охранная (объединенная охранная) зона";"19657624";"";"[]";"{""coordinates"":[37.5943769915236,55.741522439178],""type"":""Point""}";"";
"7731";"Охранная (объединенная охранная) зона";"19657625";"";"[]";"{""coordinates"":[37.6069804539098,55.74823223474],""type"":""Point""}";"";
"7732";"Охранная (объединенная охранная) зона";"19657626";"";"[]";"{""coordinates"":[37.6002681062974,55.747782824711],""type"":""Point""}";"";
"9516";"Охранная (объединенная охранная) зона";"19657627";"";"[]";"{""coordinates"":[37.5977431774516,55.748661699102],""type"":""Point""}";"";
"9517";"Охранная (объединенная охранная) зона";"19657628";"";"[]";"{""coordinates"":[37.6217850499859,55.76913747122],""type"":""Point""}";"";
"9518";"Охранная (объединенная охранная) зона";"19657629";"";"[]";"{""coordinates"":[37.6244491788964,55.772215527339],""type"":""Point""}";"";
"9519";"Охранная (объединенная охранная) зона";"19657630";"";"[]";"{""coordinates"":[37.627448855175,55.7727143933375],""type"":""Point""}";"";
"7733";"Охранная (объединенная охранная) зона";"19657631";"";"[]";"{""coordinates"":[37.6288694851298,55.7636936463005],""type"":""Point""}";"";
"9520";"Охранная (объединенная охранная) зона";"19657632";"";"[]";"{""coordinates"":[37.6350261984164,55.7632692173235],""type"":""Point""}";"";
"9521";"Охранная (объединенная охранная) зона";"19657633";"";"[]";"{""coordinates"":[37.6305813534976,55.76965504378],""type"":""Point""}";"";
"9522";"Охранная (объединенная охранная) зона";"19657634";"";"[]";"{""coordinates"":[37.6352239972746,55.7682148182455],""type"":""Point""}";"";
"7734";"Охранная (объединенная охранная) зона";"19657635";"";"[]";"{""coordinates"":[37.6378415349513,55.768634346553],""type"":""Point""}";"";
"7735";"Охранная (объединенная охранная) зона";"19657636";"";"[]";"{""coordinates"":[37.6386952731468,55.770765363957],""type"":""Point""}";"";
"7736";"Охранная (объединенная охранная) зона";"19657637";"";"[]";"{""coordinates"":[37.6317287322044,55.756989990265],""type"":""Point""}";"";
"7737";"Охранная (объединенная охранная) зона";"19657638";"";"[]";"{""coordinates"":[37.6347318750231,55.7607751445705],""type"":""Point""}";"";
"7738";"Охранная (объединенная охранная) зона";"19657639";"";"[]";"{""coordinates"":[37.6346210289171,55.7588718987915],""type"":""Point""}";"";
"7739";"Охранная (объединенная охранная) зона";"19657640";"";"[]";"{""coordinates"":[37.6390110821664,55.7621722904545],""type"":""Point""}";"";
"7740";"Охранная (объединенная охранная) зона";"19657641";"";"[]";"{""coordinates"":[37.6413269261077,55.760794335927],""type"":""Point""}";"";
"7617";"Зона регулирования застройки";"19657642";"";"[]";"{""coordinates"":[37.390650313683,55.8456105570675],""type"":""Point""}";"";
"7618";"Зона регулирования застройки";"19657643";"";"[]";"{""coordinates"":[37.3659851271879,55.8615906778665],""type"":""Point""}";"";
"7619";"Зона регулирования застройки";"19657644";"";"[]";"{""coordinates"":[37.3820415506868,55.885906590533],""type"":""Point""}";"";
"7620";"Зона регулирования застройки";"19657645";"";"[]";"{""coordinates"":[37.5237285600017,55.8001310271775],""type"":""Point""}";"";
"7621";"Зона регулирования застройки";"19657646";"";"[]";"{""coordinates"":[37.579508871814,55.800195232092],""type"":""Point""}";"";
"7622";"Зона регулирования застройки";"19657647";"";"[]";"{""coordinates"":[37.5624200593398,55.802913313667],""type"":""Point""}";"";
"7623";"Зона регулирования застройки";"19657648";"";"[]";"{""coordinates"":[37.5509762524205,55.825077777237],""type"":""Point""}";"";
"7624";"Зона регулирования застройки";"19657649";"";"[]";"{""coordinates"":[37.5128796540018,55.843128512831],""type"":""Point""}";"";
"7625";"Зона регулирования застройки";"19657650";"";"[]";"{""coordinates"":[37.6031567383302,55.6998725361875],""type"":""Point""}";"";
"7626";"Зона регулирования застройки";"19657651";"";"[]";"{""coordinates"":[37.6672250031864,55.6627758637155],""type"":""Point""}";"";
"7627";"Зона регулирования застройки";"19657652";"";"[]";"{""coordinates"":[37.6759262323711,55.6118649535755],""type"":""Point""}";"";
"7628";"Зона регулирования застройки";"19657653";"";"[]";"{""coordinates"":[37.650511451836,55.58940017793],""type"":""Point""}";"";
"7629";"Зона регулирования застройки";"19657654";"";"[]";"{""coordinates"":[37.6259455293555,55.601202021949],""type"":""Point""}";"";
"7630";"Зона регулирования застройки";"19657655";"";"[]";"{""coordinates"":[37.584989753155,55.6784240095855],""type"":""Point""}";"";
"7631";"Зона регулирования застройки";"19657656";"";"[]";"{""coordinates"":[37.5338471889788,55.6664187127025],""type"":""Point""}";"";
"9509";"Зона регулирования застройки";"19657657";"";"[]";"{""coordinates"":[37.5181218161614,55.637099938265],""type"":""Point""}";"";
"7632";"Охранная (объединенная охранная) зона";"19657658";"";"[]";"{""coordinates"":[37.6191602190883,55.791555677075],""type"":""Point""}";"";
"7633";"Охранная (объединенная охранная) зона";"19657659";"";"[]";"{""coordinates"":[37.6292066496781,55.7866131550645],""type"":""Point""}";"";
"7634";"Охранная (объединенная охранная) зона";"19657660";"";"[]";"{""coordinates"":[37.632750505039,55.78832282772],""type"":""Point""}";"";
"7635";"Охранная (объединенная охранная) зона";"19657661";"";"[]";"{""coordinates"":[37.5927751695874,55.7891348029835],""type"":""Point""}";"";
"7636";"Охранная (объединенная охранная) зона";"19657662";"";"[]";"{""coordinates"":[37.5989485041595,55.790984620618],""type"":""Point""}";"";
"7637";"Охранная (объединенная охранная) зона";"19657663";"";"[]";"{""coordinates"":[37.597471398055,55.7940259327735],""type"":""Point""}";"";
"7638";"Охранная (объединенная охранная) зона";"19657664";"";"[]";"{""coordinates"":[37.6063054390614,55.7935536189555],""type"":""Point""}";"";
"7639";"Охранная (объединенная охранная) зона";"19657665";"";"[]";"{""coordinates"":[37.6336265411338,55.7924239052495],""type"":""Point""}";"";
"7640";"Охранная (объединенная охранная) зона";"19657666";"";"[]";"{""coordinates"":[37.63901865692,55.7916148015405],""type"":""Point""}";"";
"7641";"Охранная (объединенная охранная) зона";"19657667";"";"[]";"{""coordinates"":[37.6393143858248,55.773596675097],""type"":""Point""}";"";
"7642";"Охранная (объединенная охранная) зона";"19657668";"";"[]";"{""coordinates"":[37.651208926901,55.775778988262],""type"":""Point""}";"";
"7643";"Охранная (объединенная охранная) зона";"19657669";"";"[]";"{""coordinates"":[37.6472510192557,55.7711197001535],""type"":""Point""}";"";
"7644";"Охранная (объединенная охранная) зона";"19657670";"";"[]";"{""coordinates"":[37.6560001416068,55.776176666106],""type"":""Point""}";"";
"7645";"Охранная (объединенная охранная) зона";"19657671";"";"[]";"{""coordinates"":[37.6535391811943,55.7813271036975],""type"":""Point""}";"";
"7646";"Охранная (объединенная охранная) зона";"19657672";"";"[]";"{""coordinates"":[37.6632682962668,55.772768088393],""type"":""Point""}";"";
"7647";"Охранная (объединенная охранная) зона";"19657673";"";"[]";"{""coordinates"":[37.6349681123323,55.7468019894295],""type"":""Point""}";"";
"7648";"Охранная (объединенная охранная) зона";"19657674";"";"[]";"{""coordinates"":[37.6384451176751,55.743895143891],""type"":""Point""}";"";
"7649";"Охранная (объединенная охранная) зона";"19657675";"";"[]";"{""coordinates"":[37.6412676836078,55.7414686766925],""type"":""Point""}";"";
"7650";"Охранная (объединенная охранная) зона";"19657676";"";"[]";"{""coordinates"":[37.6422976483651,55.7371398422465],""type"":""Point""}";"";
"7651";"Охранная (объединенная охранная) зона";"19657677";"";"[]";"{""coordinates"":[37.6257695537244,55.7430899799425],""type"":""Point""}";"";
"7652";"Охранная (объединенная охранная) зона";"19657678";"";"[]";"{""coordinates"":[37.6962285836078,55.814664058377],""type"":""Point""}";"";
"7653";"Охранная (объединенная охранная) зона";"19657679";"";"[]";"{""coordinates"":[37.7010522114163,55.829497316239],""type"":""Point""}";"";
"7654";"Охранная (объединенная охранная) зона";"19657680";"";"[]";"{""coordinates"":[37.7455186523338,55.804942002884],""type"":""Point""}";"";
"7655";"Охранная (объединенная охранная) зона";"19657681";"";"[]";"{""coordinates"":[37.734532754594,55.8035451187035],""type"":""Point""}";"";
"7656";"Охранная (объединенная охранная) зона";"19657682";"";"[]";"{""coordinates"":[37.7193360339727,55.780626151458],""type"":""Point""}";"";
"7657";"Охранная (объединенная охранная) зона";"19657683";"";"[]";"{""coordinates"":[37.7251112711234,55.7864380265595],""type"":""Point""}";"";
"7658";"Охранная (объединенная охранная) зона";"19657684";"";"[]";"{""coordinates"":[37.7321205826422,55.7810024203525],""type"":""Point""}";"";
"9510";"Охранная (объединенная охранная) зона";"19657685";"";"[]";"{""coordinates"":[37.7345664948935,55.76059729743],""type"":""Point""}";"";
"9511";"Зона охраняемого культурного слоя";"19657686";"";"[]";"{""coordinates"":[37.4448278707927,55.8706505206175],""type"":""Point""}";"";
"7659";"Зона охраняемого культурного слоя";"19657687";"";"[]";"{""coordinates"":[37.5093303197817,55.799453573517],""type"":""Point""}";"";
"7660";"Зона охраняемого культурного слоя";"19657688";"";"[]";"{""coordinates"":[37.5569530504224,55.838550076204],""type"":""Point""}";"";
"7661";"Зона охраняемого культурного слоя";"19657689";"";"[]";"{""coordinates"":[37.6618507529772,55.8313026040855],""type"":""Point""}";"";
"7887";"Охранная (объединенная охранная) зона";"19657690";"";"[]";"{""coordinates"":[37.8399776690866,55.7683118673735],""type"":""Point""}";"";
"7888";"Охранная (объединенная охранная) зона";"19657691";"";"[]";"{""coordinates"":[37.8093324112978,55.7474916249645],""type"":""Point""}";"";
"7889";"Охранная (объединенная охранная) зона";"19657692";"";"[]";"{""coordinates"":[37.7944861699575,55.760913988537],""type"":""Point""}";"";
"7890";"Охранная (объединенная охранная) зона";"19657693";"";"[]";"{""coordinates"":[37.7755001211212,55.7417015981985],""type"":""Point""}";"";
"7891";"Охранная (объединенная охранная) зона";"19657694";"";"[]";"{""coordinates"":[37.793618916764,55.7326853915805],""type"":""Point""}";"";
"7892";"Охранная (объединенная охранная) зона";"19657695";"";"[]";"{""coordinates"":[37.8592339254487,55.7203590530985],""type"":""Point""}";"";
"7893";"Охранная (объединенная охранная) зона";"19657696";"";"[]";"{""coordinates"":[37.7664631702463,55.80468294695],""type"":""Point""}";"";
"7894";"Охранная (объединенная охранная) зона";"19657697";"";"[]";"{""coordinates"":[37.7695173768591,55.801551838865],""type"":""Point""}";"";
"7895";"Охранная (объединенная охранная) зона";"19657698";"";"[]";"{""coordinates"":[37.7192017736997,55.764624468317],""type"":""Point""}";"";
"7896";"Охранная (объединенная охранная) зона";"19657699";"";"[]";"{""coordinates"":[37.7023376308216,55.740056517004],""type"":""Point""}";"";
"7897";"Охранная (объединенная охранная) зона";"19657700";"";"[]";"{""coordinates"":[37.7197328239711,55.7392857288235],""type"":""Point""}";"";
"7898";"Охранная (объединенная охранная) зона";"19657701";"";"[]";"{""coordinates"":[37.7327484518088,55.741935973654],""type"":""Point""}";"";
"7899";"Охранная (объединенная охранная) зона";"19657702";"";"[]";"{""coordinates"":[37.7320391393537,55.7317479065115],""type"":""Point""}";"";
"7900";"Охранная (объединенная охранная) зона";"19657703";"";"[]";"{""coordinates"":[37.6896540381745,55.716383053046],""type"":""Point""}";"";
"7901";"Охранная (объединенная охранная) зона";"19657704";"";"[]";"{""coordinates"":[37.7728620341821,55.688757917357],""type"":""Point""}";"";
"7902";"Охранная (объединенная охранная) зона";"19657705";"";"[]";"{""coordinates"":[37.7197784021362,55.669002607659],""type"":""Point""}";"";
"7768";"Охранная (объединенная охранная) зона";"19657706";"";"[]";"{""coordinates"":[37.6251524349063,55.734841044784],""type"":""Point""}";"";
"7769";"Охранная (объединенная охранная) зона";"19657707";"";"[]";"{""coordinates"":[37.6199818487519,55.7358022190455],""type"":""Point""}";"";
"10895";"Охранная (объединенная охранная) зона";"19657708";"";"[]";"{""coordinates"":[37.6201660620184,55.74106492555],""type"":""Point""}";"";
"9524";"Охранная (объединенная охранная) зона";"19657709";"";"[]";"{""coordinates"":[37.6112640887124,55.7433494915915],""type"":""Point""}";"";
"9525";"Охранная (объединенная охранная) зона";"19657710";"";"[]";"{""coordinates"":[37.6097068562569,55.7405736489555],""type"":""Point""}";"";
"9526";"Охранная (объединенная охранная) зона";"19657711";"";"[]";"{""coordinates"":[37.6091037810967,55.739351186222],""type"":""Point""}";"";
"7770";"Охранная (объединенная охранная) зона";"19657712";"";"[]";"{""coordinates"":[37.6131996164107,55.739700827425],""type"":""Point""}";"";
"7771";"Охранная (объединенная охранная) зона";"19657713";"";"[]";"{""coordinates"":[37.6159662875957,55.736366220707],""type"":""Point""}";"";
"7772";"Охранная (объединенная охранная) зона";"19657714";"";"[]";"{""coordinates"":[37.6170607993882,55.7342705328215],""type"":""Point""}";"";
"7773";"Охранная (объединенная охранная) зона";"19657715";"";"[]";"{""coordinates"":[37.6147438477351,55.7348972608925],""type"":""Point""}";"";
"7774";"Охранная (объединенная охранная) зона";"19657716";"";"[]";"{""coordinates"":[37.6106663975007,55.7322186521185],""type"":""Point""}";"";
"7783";"Зона строгого регулирования застройки";"19657717";"";"[]";"{""coordinates"":[37.6262363727676,55.7505139443035],""type"":""Point""}";"";
"7784";"Зона регулирования застройки";"19657718";"";"[]";"{""coordinates"":[37.618533865656,55.7533547841495],""type"":""Point""}";"";
"7785";"Зона охраняемого ландшафта";"19657719";"";"[]";"{""coordinates"":[37.6373612193711,55.751350106297],""type"":""Point""}";"";
"7786";"Зона охраняемого ландшафта";"19657720";"";"[]";"{""coordinates"":[37.6201119465272,55.7646673263825],""type"":""Point""}";"";
"7787";"Зона охраняемого ландшафта";"19657721";"";"[]";"{""coordinates"":[37.6154522707894,55.783102351746],""type"":""Point""}";"";
"7788";"Зона охраняемого ландшафта";"19657722";"";"[]";"{""coordinates"":[37.6985753731649,55.773620554977],""type"":""Point""}";"";
"7789";"Зона охраняемого ландшафта";"19657723";"";"[]";"{""coordinates"":[37.6583245706749,55.7250887613725],""type"":""Point""}";"";
"7790";"Зона охраняемого ландшафта № 006";"19657724";"";"[]";"{""coordinates"":[37.5708783466472,55.738897073392],""type"":""Point""}";"";
"7791";"Зона охраняемого ландшафта";"19657725";"";"[]";"{""coordinates"":[37.5919636665919,55.7640970969785],""type"":""Point""}";"";
"7792";"Зона охраняемого культурного слоя";"19657726";"";"[]";"{""coordinates"":[37.6187045557173,55.753906412398],""type"":""Point""}";"";
"7793";"Охранная (объединенная охранная) зона";"19657727";"";"[]";"{""coordinates"":[37.5957018725293,55.7459979675875],""type"":""Point""}";"";
"7794";"Охранная (объединенная охранная) зона";"19657728";"";"[]";"{""coordinates"":[37.5907236134316,55.7439505679845],""type"":""Point""}";"";
"7795";"Охранная (объединенная охранная) зона";"19657729";"";"[]";"{""coordinates"":[37.5865500112155,55.743881882285],""type"":""Point""}";"";
"7796";"Охранная (объединенная охранная) зона";"19657730";"";"[]";"{""coordinates"":[37.5844478768453,55.7447312711575],""type"":""Point""}";"";
"7797";"Охранная (объединенная охранная) зона";"19657731";"";"[]";"{""coordinates"":[37.5896317354023,55.7472039061865],""type"":""Point""}";"";
"7798";"Охранная (объединенная охранная) зона";"19657732";"";"[]";"{""coordinates"":[37.6059213171908,55.7509590497005],""type"":""Point""}";"";
"7799";"Охранная (объединенная охранная) зона";"19657733";"";"[]";"{""coordinates"":[37.589202431487,55.7497580771585],""type"":""Point""}";"";
"7800";"Охранная (объединенная охранная) зона";"19657734";"";"[]";"{""coordinates"":[37.584065470878,55.7490881697485],""type"":""Point""}";"";
"7801";"Охранная (объединенная охранная) зона";"19657735";"";"[]";"{""coordinates"":[37.6087637191397,55.754005586225],""type"":""Point""}";"";
"7802";"Охранная (объединенная охранная) зона";"19657736";"";"[]";"{""coordinates"":[37.6113114338433,55.7570581662855],""type"":""Point""}";"";
"7803";"Охранная (объединенная охранная) зона";"19657737";"";"[]";"{""coordinates"":[37.6039937366105,55.754172973581],""type"":""Point""}";"";
"7804";"Охранная (объединенная охранная) зона";"19657738";"";"[]";"{""coordinates"":[37.6034646171771,55.757075935194],""type"":""Point""}";"";
"7805";"Охранная (объединенная охранная) зона";"19657739";"";"[]";"{""coordinates"":[37.6077006783147,55.7591780859765],""type"":""Point""}";"";
"7806";"Охранная (объединенная охранная) зона";"19657740";"";"[]";"{""coordinates"":[37.6085769325681,55.761276958767],""type"":""Point""}";"";
"7807";"Охранная (объединенная охранная) зона";"19657741";"";"[]";"{""coordinates"":[37.6057260298036,55.7620509160645],""type"":""Point""}";"";
"7808";"Охранная (объединенная охранная) зона";"19657742";"";"[]";"{""coordinates"":[37.600778445466,55.7588517214085],""type"":""Point""}";"";
"7809";"Охранная (объединенная охранная) зона";"19657743";"";"[]";"{""coordinates"":[37.5909133850594,55.754682396204],""type"":""Point""}";"";
"7810";"Охранная (объединенная охранная) зона";"19657744";"";"[]";"{""coordinates"":[37.5862618127234,55.7547380766755],""type"":""Point""}";"";
"7811";"Охранная (объединенная охранная) зона";"19657745";"";"[]";"{""coordinates"":[37.5935614069253,55.7554984290705],""type"":""Point""}";"";
"7812";"Охранная (объединенная охранная) зона";"19657746";"";"[]";"{""coordinates"":[37.5914401206324,55.761487452814],""type"":""Point""}";"";
"7813";"Охранная (объединенная охранная) зона";"19657747";"";"[]";"{""coordinates"":[37.5885469164784,55.7625768970575],""type"":""Point""}";"";
"7814";"Охранная (объединенная охранная) зона";"19657748";"";"[]";"{""coordinates"":[37.5914912878055,55.7643986593295],""type"":""Point""}";"";
"7815";"Охранная (объединенная охранная) зона";"19657749";"";"[]";"{""coordinates"":[37.5966410457465,55.7655936325105],""type"":""Point""}";"";
"7816";"Охранная (объединенная охранная) зона";"19657750";"";"[]";"{""coordinates"":[37.5983522713048,55.766679577546],""type"":""Point""}";"";
"7817";"Охранная (объединенная охранная) зона";"19657751";"";"[]";"{""coordinates"":[37.5952552711981,55.767985161641],""type"":""Point""}";"";
"7818";"Охранная (объединенная охранная) зона";"19657752";"";"[]";"{""coordinates"":[37.6183581153248,55.758926401976],""type"":""Point""}";"";
"7819";"Охранная (объединенная охранная) зона";"19657753";"";"[]";"{""coordinates"":[37.6136042886939,55.76201752056],""type"":""Point""}";"";
"7820";"Охранная (объединенная охранная) зона";"19657754";"";"[]";"{""coordinates"":[37.6088047657823,55.7641716039145],""type"":""Point""}";"";
"7821";"Охранная (объединенная охранная) зона";"19657755";"";"[]";"{""coordinates"":[37.6065631024813,55.769052533574],""type"":""Point""}";"";
"7822";"Охранная (объединенная охранная) зона";"19657756";"";"[]";"{""coordinates"":[37.6495575906958,55.786478917216],""type"":""Point""}";"";
"10896";"Охранная (объединенная охранная) зона";"19657757";"";"[]";"{""coordinates"":[37.5914228355405,55.758842341897],""type"":""Point""}";"";
"7825";"Охранная (объединенная охранная) зона";"19657758";"";"[]";"{""coordinates"":[37.4556039824163,55.8231433569525],""type"":""Point""}";"";
"7826";"Охранная (объединенная охранная) зона";"19657759";"";"[]";"{""coordinates"":[37.4030329329338,55.831418122546],""type"":""Point""}";"";
"7827";"Охранная (объединенная охранная) зона";"19657760";"";"[]";"{""coordinates"":[37.394292372855,55.8480430015995],""type"":""Point""}";"";
"7828";"Охранная (объединенная охранная) зона";"19657761";"";"[]";"{""coordinates"":[37.3679458616848,55.860310810102],""type"":""Point""}";"";
"7829";"Охранная (объединенная охранная) зона";"19657762";"";"[]";"{""coordinates"":[37.3801493237385,55.886544706633],""type"":""Point""}";"";
"7830";"Охранная (объединенная охранная) зона";"19657763";"";"[]";"{""coordinates"":[37.5156508945652,55.766740387604],""type"":""Point""}";"";
"7831";"Охранная (объединенная охранная) зона";"19657764";"";"[]";"{""coordinates"":[37.563730474707,55.7784469015025],""type"":""Point""}";"";
"7832";"Охранная (объединенная охранная) зона";"19657765";"";"[]";"{""coordinates"":[37.5560438205341,55.7801418343625],""type"":""Point""}";"";
"7833";"Охранная (объединенная охранная) зона";"19657766";"";"[]";"{""coordinates"":[37.5526818480322,55.78087039302],""type"":""Point""}";"";
"7834";"Охранная (объединенная охранная) зона";"19657767";"";"[]";"{""coordinates"":[37.5573403089525,55.7849153548205],""type"":""Point""}";"";
"7835";"Охранная (объединенная охранная) зона";"19657768";"";"[]";"{""coordinates"":[37.5628073606755,55.7874852392805],""type"":""Point""}";"";
"7836";"Охранная (объединенная охранная) зона";"19657769";"";"[]";"{""coordinates"":[37.5645731741544,55.792721940313],""type"":""Point""}";"";
"7837";"Охранная (объединенная охранная) зона";"19657770";"";"[]";"{""coordinates"":[37.5740424620454,55.790652798483],""type"":""Point""}";"";
"7838";"Охранная (объединенная охранная) зона";"19657771";"";"[]";"{""coordinates"":[37.5819101229499,55.7876516170425],""type"":""Point""}";"";
"7839";"Охранная (объединенная охранная) зона";"19657772";"";"[]";"{""coordinates"":[37.5791089200447,55.7998160473925],""type"":""Point""}";"";
"7840";"Охранная (объединенная охранная) зона";"19657773";"";"[]";"{""coordinates"":[37.5623396567645,55.8034292597255],""type"":""Point""}";"";
"7841";"Охранная (объединенная охранная) зона";"19657774";"";"[]";"{""coordinates"":[37.5410786898967,55.7975239180645],""type"":""Point""}";"";
"7842";"Охранная (объединенная охранная) зона";"19657775";"";"[]";"{""coordinates"":[37.536259649691,55.7998675172285],""type"":""Point""}";"";
"7843";"Охранная (объединенная охранная) зона";"19657776";"";"[]";"{""coordinates"":[37.5150056515605,55.7881516144815],""type"":""Point""}";"";
"7844";"Охранная (объединенная охранная) зона";"19657777";"";"[]";"{""coordinates"":[37.5128928947729,55.7987920072575],""type"":""Point""}";"";
"7845";"Охранная (объединенная охранная) зона";"19657778";"";"[]";"{""coordinates"":[37.5138772608509,55.8036032533945],""type"":""Point""}";"";
"7846";"Охранная (объединенная охранная) зона";"19657779";"";"[]";"{""coordinates"":[37.501208828276,55.8031558366795],""type"":""Point""}";"";
"7847";"Охранная (объединенная охранная) зона";"19657780";"";"[]";"{""coordinates"":[37.5155441940125,55.809462841491],""type"":""Point""}";"";
"7848";"Охранная (объединенная охранная) зона";"19657781";"";"[]";"{""coordinates"":[37.5177561055329,55.8123173115085],""type"":""Point""}";"";
"7849";"Охранная (объединенная охранная) зона";"19657782";"";"[]";"{""coordinates"":[37.5239294551847,55.81032894718],""type"":""Point""}";"";
"7850";"Охранная (объединенная охранная) зона";"19657783";"";"[]";"{""coordinates"":[37.5274050452968,55.8173965053875],""type"":""Point""}";"";
"7851";"Охранная (объединенная охранная) зона";"19657784";"";"[]";"{""coordinates"":[37.5025552141544,55.8200725163225],""type"":""Point""}";"";
"7852";"Охранная (объединенная охранная) зона";"19657785";"";"[]";"{""coordinates"":[37.5475735681804,55.8250608478665],""type"":""Point""}";"";
"7853";"Охранная (объединенная охранная) зона";"19657786";"";"[]";"{""coordinates"":[37.5667005259189,55.8200066157565],""type"":""Point""}";"";
"7854";"Охранная (объединенная охранная) зона";"19657787";"";"[]";"{""coordinates"":[37.502077681153,55.8284220529605],""type"":""Point""}";"";
"7855";"Охранная (объединенная охранная) зона";"19657788";"";"[]";"{""coordinates"":[37.4813398153114,55.835642311714],""type"":""Point""}";"";
"7856";"Охранная (объединенная охранная) зона";"19657789";"";"[]";"{""coordinates"":[37.4992921925915,55.844435876686],""type"":""Point""}";"";
"7857";"Охранная (объединенная охранная) зона";"19657790";"";"[]";"{""coordinates"":[37.5109375453917,55.845197126219],""type"":""Point""}";"";
"7858";"Охранная (объединенная охранная) зона";"19657791";"";"[]";"{""coordinates"":[37.5235141656384,55.842613873616],""type"":""Point""}";"";
"7859";"Охранная (объединенная охранная) зона";"19657792";"";"[]";"{""coordinates"":[37.5261904872364,55.841243288165],""type"":""Point""}";"";
"7860";"Охранная (объединенная охранная) зона";"19657793";"";"[]";"{""coordinates"":[37.4688610683093,55.851830063071],""type"":""Point""}";"";
"7861";"Охранная (объединенная охранная) зона";"19657794";"";"[]";"{""coordinates"":[37.5077780226644,55.8662749016435],""type"":""Point""}";"";
"7862";"Охранная (объединенная охранная) зона";"19657795";"";"[]";"{""coordinates"":[37.455485538279,55.881214060001],""type"":""Point""}";"";
"7863";"Охранная (объединенная охранная) зона";"19657796";"";"[]";"{""coordinates"":[37.4998473503538,55.8827051231735],""type"":""Point""}";"";
"7864";"Охранная (объединенная охранная) зона";"19657797";"";"[]";"{""coordinates"":[37.5343659751821,55.866195640596],""type"":""Point""}";"";
"7865";"Охранная (объединенная охранная) зона";"19657798";"";"[]";"{""coordinates"":[37.3532251806343,55.9496773489345],""type"":""Point""}";"";
"7866";"Охранная (объединенная охранная) зона";"19657799";"";"[]";"{""coordinates"":[37.5842323351239,55.800342456697],""type"":""Point""}";"";
"7867";"Охранная (объединенная охранная) зона";"19657800";"";"[]";"{""coordinates"":[37.6140656121459,55.806219551913],""type"":""Point""}";"";
"7868";"Охранная (объединенная охранная) зона";"19657801";"";"[]";"{""coordinates"":[37.6398303635008,55.799437411357],""type"":""Point""}";"";
"7869";"Охранная (объединенная охранная) зона";"19657802";"";"[]";"{""coordinates"":[37.654741562476,55.8085348178695],""type"":""Point""}";"";
"7870";"Охранная (объединенная охранная) зона";"19657803";"";"[]";"{""coordinates"":[37.6433877304401,55.818173781603],""type"":""Point""}";"";
"7871";"Охранная (объединенная охранная) зона";"19657804";"";"[]";"{""coordinates"":[37.6010389507831,55.8393434496495],""type"":""Point""}";"";
"7872";"Охранная (объединенная охранная) зона";"19657805";"";"[]";"{""coordinates"":[37.6681285273315,55.831995699394],""type"":""Point""}";"";
"7873";"Охранная (объединенная охранная) зона";"19657806";"";"[]";"{""coordinates"":[37.6422487052058,55.8419783492655],""type"":""Point""}";"";
"7874";"Охранная (объединенная охранная) зона";"19657807";"";"[]";"{""coordinates"":[37.6567027813812,55.8428269740665],""type"":""Point""}";"";
"7875";"Охранная (объединенная охранная) зона";"19657808";"";"[]";"{""coordinates"":[37.5839389591726,55.8506849102255],""type"":""Point""}";"";
"7876";"Охранная (объединенная охранная) зона";"19657809";"";"[]";"{""coordinates"":[37.6301199523472,55.852305116734],""type"":""Point""}";"";
"7877";"Охранная (объединенная охранная) зона";"19657810";"";"[]";"{""coordinates"":[37.6387955465704,55.8639555020615],""type"":""Point""}";"";
"7878";"Охранная (объединенная охранная) зона";"19657811";"";"[]";"{""coordinates"":[37.6993611374461,55.8660726727375],""type"":""Point""}";"";
"7879";"Охранная (объединенная охранная) зона";"19657812";"";"[]";"{""coordinates"":[37.598697971495,55.8860848078795],""type"":""Point""}";"";
"7880";"Охранная (объединенная охранная) зона";"19657813";"";"[]";"{""coordinates"":[37.5819106915393,55.9082449352525],""type"":""Point""}";"";
"7881";"Охранная (объединенная охранная) зона";"19657814";"";"[]";"{""coordinates"":[37.5484495035914,55.9191716132795],""type"":""Point""}";"";
"7882";"Охранная (объединенная охранная) зона";"19657815";"";"[]";"{""coordinates"":[37.5365476920128,55.9305442142635],""type"":""Point""}";"";
"7883";"Охранная (объединенная охранная) зона";"19657816";"";"[]";"{""coordinates"":[37.6790178327266,55.806572379869],""type"":""Point""}";"";
"7884";"Охранная (объединенная охранная) зона";"19657817";"";"[]";"{""coordinates"":[37.7457609299157,55.7621115186545],""type"":""Point""}";"";
"7886";"Охранная (объединенная охранная) зона";"19657818";"";"[]";"{""coordinates"":[37.8148664538528,55.8185216665305],""type"":""Point""}";"";
"7956";"Зона регулирования застройки";"19657819";"";"[]";"{""coordinates"":[37.4988146547216,55.844737705214],""type"":""Point""}";"";
"7957";"Зона регулирования застройки";"19657820";"";"[]";"{""coordinates"":[37.4836673655309,55.8326605404795],""type"":""Point""}";"";
"7958";"Зона регулирования застройки";"19657821";"";"[]";"{""coordinates"":[37.5076178047372,55.86592731279],""type"":""Point""}";"";
"7959";"Зона регулирования застройки";"19657822";"";"[]";"{""coordinates"":[37.5333812010189,55.86654639008],""type"":""Point""}";"";
"7960";"Зона регулирования застройки";"19657823";"";"[]";"{""coordinates"":[37.4989551922213,55.8821497249035],""type"":""Point""}";"";
"7961";"Зона регулирования застройки";"19657824";"";"[]";"{""coordinates"":[37.4525258497872,55.880050391378],""type"":""Point""}";"";
"7962";"Зона регулирования застройки";"19657825";"";"[]";"{""coordinates"":[37.354878821787,55.948956990776],""type"":""Point""}";"";
"7963";"Зона регулирования застройки";"19657826";"";"[]";"{""coordinates"":[37.6141954418803,55.7991964424905],""type"":""Point""}";"";
"7964";"Зона регулирования застройки";"19657827";"";"[]";"{""coordinates"":[37.6151212507648,55.805218689014],""type"":""Point""}";"";
"7965";"Зона регулирования застройки";"19657828";"";"[]";"{""coordinates"":[37.6496083424081,55.8051763127855],""type"":""Point""}";"";
"7966";"Зона регулирования застройки";"19657829";"";"[]";"{""coordinates"":[37.6500247920545,55.832065753581],""type"":""Point""}";"";
"7967";"Зона регулирования застройки";"19657830";"";"[]";"{""coordinates"":[37.6297356137108,55.8585339365395],""type"":""Point""}";"";
"7968";"Зона регулирования застройки";"19657831";"";"[]";"{""coordinates"":[37.5902998130307,55.8514493229585],""type"":""Point""}";"";
"7969";"Зона регулирования застройки";"19657832";"";"[]";"{""coordinates"":[37.5361385143516,55.9321587833765],""type"":""Point""}";"";
"7970";"Зона регулирования застройки";"19657833";"";"[]";"{""coordinates"":[37.6969516913258,55.8156472998735],""type"":""Point""}";"";
"7971";"Зона регулирования застройки";"19657834";"";"[]";"{""coordinates"":[37.7241630627367,55.784292139227],""type"":""Point""}";"";
"7972";"Зона регулирования застройки";"19657835";"";"[]";"{""coordinates"":[37.7889950340872,55.782371600851],""type"":""Point""}";"";
"7973";"Зона регулирования застройки";"19657836";"";"[]";"{""coordinates"":[37.8137530372194,55.818829330745],""type"":""Point""}";"";
"7974";"Зона регулирования застройки";"19657837";"";"[]";"{""coordinates"":[37.8122732271916,55.730395042088],""type"":""Point""}";"";
"7975";"Зона регулирования застройки";"19657838";"";"[]";"{""coordinates"":[37.7045081252196,55.740309337195],""type"":""Point""}";"";
"7976";"Зона регулирования застройки";"19657839";"";"[]";"{""coordinates"":[37.7714572403009,55.691890243182],""type"":""Point""}";"";
"8019";"Зона охраняемого культурного слоя";"19657840";"";"[]";"{""coordinates"":[37.4809217227054,55.7029244947985],""type"":""Point""}";"";
"8020";"Зона охраняемого культурного слоя";"19657841";"";"[]";"{""coordinates"":[37.4523465987718,55.710180387005],""type"":""Point""}";"";
"8021";"Зона охраняемого культурного слоя";"19657842";"";"[]";"{""coordinates"":[37.4838818456741,55.747238749186],""type"":""Point""}";"";
"8022";"Зона охраняемого культурного слоя";"19657843";"";"[]";"{""coordinates"":[37.4549836046592,55.738417608936],""type"":""Point""}";"";
"8023";"Зона охраняемого культурного слоя";"19657844";"";"[]";"{""coordinates"":[37.4288507431333,55.7512342147965],""type"":""Point""}";"";
"8024";"Охранная (объединенная охранная) зона";"19657845";"";"[]";"{""coordinates"":[37.6292849485262,55.7544540137345],""type"":""Point""}";"";
"8025";"Граница охранной зоны ""Усадьба Останкино""";"19657846";"";"[]";"{""coordinates"":[37.609928844983,55.8293955078175],""type"":""Point""}";"";
"8026";"Охранная (объединенная охранная) зона";"19657847";"";"[]";"{""coordinates"":[37.6283160541589,55.8302083088565],""type"":""Point""}";"";
"8027";"Охранная (объединенная охранная) зона";"19657848";"";"[]";"{""coordinates"":[37.6480995486637,55.7289127373475],""type"":""Point""}";"";
"8028";"Охранная (объединенная охранная) зона";"19657849";"";"[]";"{""coordinates"":[37.4868389121277,55.857897074241],""type"":""Point""}";"";
"8029";"Зона регулирования застройки";"19657850";"";"[]";"{""coordinates"":[37.6331292072164,55.829833423566],""type"":""Point""}";"";
"8030";"Зона регулирования застройки 022А";"19657851";"";"[]";"{""coordinates"":[37.4827011144276,55.8537432282855],""type"":""Point""}";"";
"8031";"Зона регулирования застройки";"19657852";"";"[]";"{""coordinates"":[37.6104527612593,55.824907977433],""type"":""Point""}";"";
"8032";"Зона регулирования застройки";"19657853";"";"[]";"{""coordinates"":[37.5319937142654,55.7038511721095],""type"":""Point""}";"";
"8034";"Охранная (объединенная охранная) зона";"19657854";"";"[]";"{""coordinates"":[37.6208506619986,55.749697210847],""type"":""Point""}";"";
"7977";"Зона регулирования застройки";"19657855";"";"[]";"{""coordinates"":[37.710643447042,55.6718321689355],""type"":""Point""}";"";
"7978";"Зона регулирования застройки";"19657856";"";"[]";"{""coordinates"":[37.79333740032,55.6376286647335],""type"":""Point""}";"";
"7979";"Зона регулирования застройки";"19657857";"";"[]";"{""coordinates"":[37.6265756561759,55.6981025003795],""type"":""Point""}";"";
"7980";"Зона регулирования застройки";"19657858";"";"[]";"{""coordinates"":[37.5245342781826,55.620212382386],""type"":""Point""}";"";
"7981";"Зона регулирования застройки";"19657859";"";"[]";"{""coordinates"":[37.5469554108483,55.5936178769725],""type"":""Point""}";"";
"7982";"Зона регулирования застройки";"19657860";"";"[]";"{""coordinates"":[37.5822803301763,55.5710269882785],""type"":""Point""}";"";
"7983";"Зона регулирования застройки";"19657861";"";"[]";"{""coordinates"":[37.5235964609418,55.5397843828715],""type"":""Point""}";"";
"7984";"Зона регулирования застройки";"19657862";"";"[]";"{""coordinates"":[37.5817822705241,55.5112743068735],""type"":""Point""}";"";
"7985";"Зона регулирования застройки";"19657863";"";"[]";"{""coordinates"":[37.5257746446408,55.7255959683285],""type"":""Point""}";"";
"7986";"Зона регулирования застройки";"19657864";"";"[]";"{""coordinates"":[37.536972094212,55.741122428359],""type"":""Point""}";"";
"7987";"Зона регулирования застройки";"19657865";"";"[]";"{""coordinates"":[37.4888491411514,55.7464347739115],""type"":""Point""}";"";
"7988";"Зона регулирования застройки";"19657866";"";"[]";"{""coordinates"":[37.4758880929162,55.653074855684],""type"":""Point""}";"";
"7989";"Зона регулирования застройки";"19657867";"";"[]";"{""coordinates"":[37.4420367255401,55.6879222796145],""type"":""Point""}";"";
"7990";"Зона регулирования застройки";"19657868";"";"[]";"{""coordinates"":[37.411213090634,55.704162695528],""type"":""Point""}";"";
"7991";"Зона регулирования застройки";"19657869";"";"[]";"{""coordinates"":[37.3541438920515,55.6543330899265],""type"":""Point""}";"";
"7992";"Зона регулирования застройки";"19657870";"";"[]";"{""coordinates"":[37.334861144213,55.64109257889],""type"":""Point""}";"";
"7993";"Зона охраняемого культурного слоя";"19657871";"";"[]";"{""coordinates"":[37.334861144213,55.64109257889],""type"":""Point""}";"";
"7994";"Зона охраняемого культурного слоя";"19657872";"";"[]";"{""coordinates"":[37.4161312780469,55.785743727944],""type"":""Point""}";"";
"7995";"Зона охраняемого культурного слоя";"19657873";"";"[]";"{""coordinates"":[37.4003221186545,55.7834208092905],""type"":""Point""}";"";
"7996";"Зона охраняемого культурного слоя";"19657874";"";"[]";"{""coordinates"":[37.4492142240724,55.800633341292],""type"":""Point""}";"";
"7997";"Зона охраняемого культурного слоя";"19657875";"";"[]";"{""coordinates"":[37.4680968927764,55.8163712800725],""type"":""Point""}";"";
"7998";"Зона охраняемого культурного слоя";"19657876";"";"[]";"{""coordinates"":[37.4127171238899,55.826781502655],""type"":""Point""}";"";
"7999";"Зона охраняемого культурного слоя";"19657877";"";"[]";"{""coordinates"":[37.4106734085681,55.834887380985],""type"":""Point""}";"";
"8000";"Зона охраняемого культурного слоя";"19657878";"";"[]";"{""coordinates"":[37.3975138729941,55.8362800138855],""type"":""Point""}";"";
"8001";"Зона охраняемого культурного слоя";"19657879";"";"[]";"{""coordinates"":[37.3617206388446,55.847546338043],""type"":""Point""}";"";
"8002";"Зона охраняемого культурного слоя";"19657880";"";"[]";"{""coordinates"":[37.3610452742854,55.8293060410505],""type"":""Point""}";"";
"8003";"Зона охраняемого культурного слоя";"19657881";"";"[]";"{""coordinates"":[37.387195470639,55.8208029794935],""type"":""Point""}";"";
"8004";"Зона охраняемого культурного слоя";"19657882";"";"[]";"{""coordinates"":[37.6644008412043,55.663177773824],""type"":""Point""}";"";
"8005";"Зона охраняемого культурного слоя";"19657883";"";"[]";"{""coordinates"":[37.7388233520118,55.634932423422],""type"":""Point""}";"";
"8006";"Зона охраняемого культурного слоя";"19657884";"";"[]";"{""coordinates"":[37.7549067849951,55.6362498838775],""type"":""Point""}";"";
"8007";"Зона охраняемого культурного слоя";"19657885";"";"[]";"{""coordinates"":[37.7055154313187,55.595993930706],""type"":""Point""}";"";
"8008";"Зона охраняемого культурного слоя";"19657886";"";"[]";"{""coordinates"":[37.6849296302914,55.6099892856925],""type"":""Point""}";"";
"8009";"Зона охраняемого культурного слоя";"19657887";"";"[]";"{""coordinates"":[37.5278722692718,55.659092823169],""type"":""Point""}";"";
"8010";"Зона охраняемого культурного слоя";"19657888";"";"[]";"{""coordinates"":[37.581636783518,55.660262014648],""type"":""Point""}";"";
"8011";"Зона охраняемого культурного слоя";"19657889";"";"[]";"{""coordinates"":[37.5284584193496,55.628998927207],""type"":""Point""}";"";
"8012";"Зона охраняемого культурного слоя";"19657890";"";"[]";"{""coordinates"":[37.5010020485117,55.634772008277],""type"":""Point""}";"";
"8013";"Зона охраняемого культурного слоя";"19657891";"";"[]";"{""coordinates"":[37.4958232245573,55.6293547193915],""type"":""Point""}";"";
"8014";"Зона охраняемого культурного слоя";"19657892";"";"[]";"{""coordinates"":[37.5213623360168,55.7212316268695],""type"":""Point""}";"";
"8015";"Зона охраняемого культурного слоя";"19657893";"";"[]";"{""coordinates"":[37.5370432504297,55.721950704571],""type"":""Point""}";"";
"8016";"Зона охраняемого культурного слоя";"19657894";"";"[]";"{""coordinates"":[37.5450604210018,55.7085546575755],""type"":""Point""}";"";
"8017";"Зона охраняемого культурного слоя";"19657895";"";"[]";"{""coordinates"":[37.5360139145475,55.730300651455],""type"":""Point""}";"";
"8018";"Зона охраняемого культурного слоя";"19657896";"";"[]";"{""coordinates"":[37.4946850939592,55.716129257475],""type"":""Point""}";"";
"7903";"Охранная (объединенная охранная) зона";"19657897";"";"[]";"{""coordinates"":[37.791347094913,55.638183929764],""type"":""Point""}";"";
"7904";"Охранная (объединенная охранная) зона";"19657898";"";"[]";"{""coordinates"":[37.6482020808904,55.702685233546],""type"":""Point""}";"";
"7905";"Охранная (объединенная охранная) зона";"19657899";"";"[]";"{""coordinates"":[37.6260422737853,55.7047835619345],""type"":""Point""}";"";
"7906";"Охранная (объединенная охранная) зона";"19657900";"";"[]";"{""coordinates"":[37.6207154764395,55.7047108830445],""type"":""Point""}";"";
"7907";"Охранная (объединенная охранная) зона";"19657901";"";"[]";"{""coordinates"":[37.6238678558473,55.700158731523],""type"":""Point""}";"";
"7908";"Охранная (объединенная охранная) зона";"19657902";"";"[]";"{""coordinates"":[37.6039086974413,55.6975185407705],""type"":""Point""}";"";
"7909";"Охранная (объединенная охранная) зона";"19657903";"";"[]";"{""coordinates"":[37.6089989364345,55.7045122915595],""type"":""Point""}";"";
"7910";"Охранная (объединенная охранная) зона";"19657904";"";"[]";"{""coordinates"":[37.6047922326322,55.709512565288],""type"":""Point""}";"";
"7911";"Охранная (объединенная охранная) зона";"19657905";"";"[]";"{""coordinates"":[37.5915711230107,55.7021825426745],""type"":""Point""}";"";
"7912";"Охранная (объединенная охранная) зона";"19657906";"";"[]";"{""coordinates"":[37.6510882968029,55.7001019699735],""type"":""Point""}";"";
"7913";"Охранная (объединенная охранная) зона";"19657907";"";"[]";"{""coordinates"":[37.6631270302881,55.6597295991585],""type"":""Point""}";"";
"7914";"Охранная (объединенная охранная) зона";"19657908";"";"[]";"{""coordinates"":[37.7011105999256,55.639879122544],""type"":""Point""}";"";
"7915";"Границы охранной зоны объекта культурного наследия федерального наследия ""Ансамбль усадьбы Царицыно, XVIII в.""";"19657909";"";"[]";"{""coordinates"":[37.6797420793363,55.6110714834855],""type"":""Point""}";"";
"7916";"Охранная (объединенная охранная) зона";"19657910";"";"[]";"{""coordinates"":[37.6518810759159,55.590137584764],""type"":""Point""}";"";
"7917";"Охранная (объединенная охранная) зона";"19657911";"";"[]";"{""coordinates"":[37.6276161665973,55.60318859789],""type"":""Point""}";"";
"7918";"Охранная (объединенная охранная) зона";"19657912";"";"[]";"{""coordinates"":[37.6679883018238,55.6180788088545],""type"":""Point""}";"";
"7919";"Охранная (объединенная охранная) зона";"19657913";"";"[]";"{""coordinates"":[37.5702272065172,55.710086703841],""type"":""Point""}";"";
"7920";"Охранная (объединенная охранная) зона";"19657914";"";"[]";"{""coordinates"":[37.5472535592942,55.699062898241],""type"":""Point""}";"";
"7921";"Охранная (объединенная охранная) зона";"19657915";"";"[]";"{""coordinates"":[37.5878703944265,55.678440557347],""type"":""Point""}";"";
"7922";"Охранная (объединенная охранная) зона";"19657916";"";"[]";"{""coordinates"":[37.529991943542,55.668505816821],""type"":""Point""}";"";
"7923";"Охранная (объединенная охранная) зона";"19657917";"";"[]";"{""coordinates"":[37.5809587176863,55.658788747729],""type"":""Point""}";"";
"7924";"Охранная (объединенная охранная) зона";"19657918";"";"[]";"{""coordinates"":[37.5195779288008,55.6379878382075],""type"":""Point""}";"";
"7925";"Охранная (объединенная охранная) зона";"19657919";"";"[]";"{""coordinates"":[37.5268260036422,55.619896849395],""type"":""Point""}";"";
"7926";"Охранная (объединенная охранная) зона";"19657920";"";"[]";"{""coordinates"":[37.5152420140816,55.59710391036],""type"":""Point""}";"";
"7927";"Охранная (объединенная охранная) зона";"19657921";"";"[]";"{""coordinates"":[37.554291917271,55.5937866861585],""type"":""Point""}";"";
"7928";"Охранная (объединенная охранная) зона";"19657922";"";"[]";"{""coordinates"":[37.552887504561,55.5795335079125],""type"":""Point""}";"";
"7929";"Охранная (объединенная охранная) зона";"19657923";"";"[]";"{""coordinates"":[37.5857089848638,55.571422772],""type"":""Point""}";"";
"7930";"Охранная (объединенная охранная) зона";"19657924";"";"[]";"{""coordinates"":[37.5243956016058,55.538701805295],""type"":""Point""}";"";
"7931";"Охранная (объединенная охранная) зона";"19657925";"";"[]";"{""coordinates"":[37.5770704286468,55.508431135698],""type"":""Point""}";"";
"7932";"Охранная (объединенная охранная) зона";"19657926";"";"[]";"{""coordinates"":[37.5863001814256,55.495894286146],""type"":""Point""}";"";
"7933";"Охранная (объединенная охранная) зона";"19657927";"";"[]";"{""coordinates"":[37.5340589158993,55.7052954046965],""type"":""Point""}";"";
"7934";"Охранная (объединенная охранная) зона";"19657928";"";"[]";"{""coordinates"":[37.5480985997456,55.731163873435],""type"":""Point""}";"";
"7935";"Охранная (объединенная охранная) зона";"19657929";"";"[]";"{""coordinates"":[37.5223825074669,55.7221249409655],""type"":""Point""}";"";
"7936";"Охранная (объединенная охранная) зона";"19657930";"";"[]";"{""coordinates"":[37.5577657453733,55.750452220275],""type"":""Point""}";"";
"7937";"Охранная (объединенная охранная) зона";"19657931";"";"[]";"{""coordinates"":[37.5335410015074,55.739137528923],""type"":""Point""}";"";
"7938";"Охранная (объединенная охранная) зона";"19657932";"";"[]";"{""coordinates"":[37.5235185851804,55.737657478772],""type"":""Point""}";"";
"7939";"Охранная зона объекта культурного наследия федерального значения ""Церковь Покрова в Филях, 1693-1694 гг.""";"19657933";"";"[]";"{""coordinates"":[37.5122999813039,55.750308028738],""type"":""Point""}";"";
"7940";"Охранная (объединенная охранная) зона";"19657934";"";"[]";"{""coordinates"":[37.4753178113656,55.7438957190895],""type"":""Point""}";"";
"7941";"Охранная (объединенная охранная) зона";"19657935";"";"[]";"{""coordinates"":[37.4229865496968,55.754521292146],""type"":""Point""}";"";
"7942";"Охранная (объединенная охранная) зона";"19657936";"";"[]";"{""coordinates"":[37.4759458624257,55.6532779969745],""type"":""Point""}";"";
"7943";"Охранная (объединенная охранная) зона";"19657937";"";"[]";"{""coordinates"":[37.4430475278084,55.6612307758565],""type"":""Point""}";"";
"7944";"Охранная (объединенная охранная) зона";"19657938";"";"[]";"{""coordinates"":[37.4406257972655,55.688168444603],""type"":""Point""}";"";
"7945";"Охранная (объединенная охранная) зона";"19657939";"";"[]";"{""coordinates"":[37.4099920314495,55.7021344642225],""type"":""Point""}";"";
"7946";"Охранная (объединенная охранная) зона";"19657940";"";"[]";"{""coordinates"":[37.4353984382894,55.723350779546],""type"":""Point""}";"";
"7947";"Охранная (объединенная охранная) зона";"19657941";"";"[]";"{""coordinates"":[37.3489434676301,55.6585583801715],""type"":""Point""}";"";
"7948";"Охранная (объединенная охранная) зона";"19657942";"";"[]";"{""coordinates"":[37.3367612094832,55.641983824661],""type"":""Point""}";"";
"7949";"Охранная (объединенная охранная) зона";"19657943";"";"[]";"{""coordinates"":[37.5453850938845,55.731256104429],""type"":""Point""}";"";
"7950";"Зона регулирования застройки";"19657944";"";"[]";"{""coordinates"":[37.6953395544825,55.7381640964295],""type"":""Point""}";"";
"7951";"Зона регулирования застройки";"19657945";"";"[]";"{""coordinates"":[37.4615626504497,55.7752542598975],""type"":""Point""}";"";
"7952";"Зона регулирования застройки";"19657946";"";"[]";"{""coordinates"":[37.4928950069547,55.798663088848],""type"":""Point""}";"";
"7953";"Зона регулирования застройки";"19657947";"";"[]";"{""coordinates"":[37.4012536477677,55.7872046745155],""type"":""Point""}";"";
"7954";"Зона регулирования застройки";"19657948";"";"[]";"{""coordinates"":[37.4726350534958,55.822495827323],""type"":""Point""}";"";
"7955";"Зона регулирования застройки";"19657949";"";"[]";"{""coordinates"":[37.4014360754371,55.832910825956],""type"":""Point""}";"";
"9537";"Охранная (объединенная охранная) зона";"19657950";"";"[]";"{""coordinates"":[37.6467631016854,55.8278306073625],""type"":""Point""}";"";
"8821";"Зона охраняемого ландшафта";"19657951";"";"[]";"{""coordinates"":[37.6135008545209,55.8199796629345],""type"":""Point""}";"";
"9430";"Зона регулирования застройки в границах квартала № 3032";"19657952";"";"[]";"{""coordinates"":[37.7319280745755,55.73213092372],""type"":""Point""}";"";
"14721";"Зона регулирования застройки и хозяйственной деятеьности объекта культурного наследия федерального значения ""Ансамбль Новодевичьего монастыря"", включенного в Список всемирного наследия";"19657953";"";"[]";"{""coordinates"":[37.573298476514,55.732002448354],""type"":""Point""}";"";
"14401";"Охранная зона объекта культурного наследия федерального значения ""Ансамбль Новодевичьего монастыря"", включенного в Список всемирного наследия";"19657954";"";"[]";"{""coordinates"":[37.5559811543718,55.7259312004835],""type"":""Point""}";"";
"18241";"Охранная зона объекта культурного наследия федерального значения ""Городская усадьба, конец XVIII - начало XIX вв.""";"19657955";"";"[]";"{""coordinates"":[37.567446555454,55.734835409516],""type"":""Point""}";"";
"15362";"Охранная зона объекта культурного наследия федерального значения ""Каменная ограда с пилонами ворот, XIX в""";"19657956";"";"[]";"{""coordinates"":[37.564843200621,55.7333288005405],""type"":""Point""}";"";
"15685";"Охранная зона объекта культурного наследия федерального значения ""Дом, в котором жил профессор Московского университета, историк, издатель, коллекцонер Погодин Михаил Петрович. Здесь у него бывали М.Ю.Лермонтов, А.Н.Островский, И.С.Тургенев, С.Т.Аксаков,";"19657957";"";"[]";"{""coordinates"":[37.5674474887655,55.7332135163875],""type"":""Point""}";"";
"16324";"Зона регулирования застройки и хозяйственной деятельности объекта культурного ннаследия федерального значения ""Собор Сретенского монастыря, 1679 г., Придел, 1706 г., фрески начала XVIII в.""";"19657958";"";"[]";"{""coordinates"":[37.6286765715031,55.7654513933635],""type"":""Point""}";"";
"16338";"охранная зона объекта культурного наследия федерального значения""Царская усадьба Измайлово, XVII в. Строители: М.Иванов, И.Кузнечик, Т.Макаров, К.Мымрин, А.Фомин, Я.Янов и другие""";"19657959";"";"[]";"{""coordinates"":[37.785402333162,55.7812789021545],""type"":""Point""}";"";
"16641";"Охранная зона объекта культурного значения ""Церковь Спасская, 1714 г.""";"19657960";"";"[]";"{""coordinates"":[37.8129044286215,55.7584223166165],""type"":""Point""}";"";
"16979";"охранная зона окн фед. значения ""Два дома: дом Гагарина, 1792 г. с перестройкой начала XIX в., арх. О,И,Бове, дом Протковой (деревянный), 1809 г., арх. О.И.Бове""";"19657961";"";"[]";"{""coordinates"":[37.5868214139358,55.764891524702],""type"":""Point""}";"";
